Platform Name,Category,Region Focus,Website URL,Notes
Amazon Associates,E-commerce,Global,https://affiliate-program.amazon.com/,Massive product range
ShareASale,Affiliate Network,Global,https://www.shareasale.com/,Thousands of merchants
CJ Affiliate,Affiliate Network,Global,https://www.cj.com/,Top-tier network
Rakuten Advertising,Affiliate Network,Global,https://rakutenadvertising.com/,"Retail, finance, travel"
ClickBank,Digital Products,Global,https://www.clickbank.com/,High commissions
Impact,Affiliate Network,Global,https://impact.com/,Enterprise-level
Awin,Affiliate Network,Global,https://www.awin.com/,"Fashion, finance, travel"
PartnerStack,B2B SaaS,Global,https://partnerstack.com/,SaaS companies
FlexOffers,Affiliate Network,Global,https://www.flexoffers.com/,Broad advertisers
Avangate,Software/Digital,Global,https://www.2checkout.com/affiliate-program,Software and digital products
Pepperjam,Affiliate Network,Global,https://www.pepperjam.com/,Multiple verticals
eBay Partner Network,E-commerce,Global,https://partnernetwork.ebay.com/,Auction marketplace
Booking.com Affiliate,Travel,Global,https://www.booking.com/affiliate-program/v2/index.html,Travel accommodation
Shopify Affiliate,E-commerce,Global,https://www.shopify.com/affiliates,E-commerce platform
Bluehost Affiliate,Web Hosting,Global,https://www.bluehost.com/affiliates,Hosting
HubSpot Partner,SaaS,Global,https://www.hubspot.com/partners,Marketing tools
Udemy Affiliate,Education,Global,https://www.udemy.com/affiliate/,Online courses
Fiverr Affiliates,Freelance,Global,https://www.fiverr.com/affiliates,Freelance marketplace
Envato Market Affiliate,Digital Assets,Global,https://envato.com/affiliate-program/,Creative assets
NordVPN Affiliate,VPN,Global,https://affiliate.nordvpn.com/,VPN service
Grammarly Affiliate,Software,Global,https://www.grammarly.com/affiliates,Writing assistant
Canva Affiliate,Design,Global,https://www.canva.com/affiliates/,Graphic design platform
ConvertKit Affiliate,Email Marketing,Global,https://convertkit.com/affiliate-program,Email automation
ClickFunnels Affiliate,Marketing,Global,https://affiliates.clickfunnels.com/,Sales funnels
Weebly Affiliate,Website Builder,Global,https://www.weebly.com/affiliates,Website builder
Wix Affiliate,Website Builder,Global,https://www.wix.com/affiliate,Website builder
AWS Affiliate,Cloud,Global,https://aws.amazon.com/partners/,Cloud services
Nordstrom Affiliate,Fashion,Global,https://affiliate.nordstrom.com/,Fashion retail
Target Affiliate,Retail,US,https://affiliate.target.com/,Retail giant
Apple Services Affiliate,Digital Services,Global,https://affiliate.itunes.apple.com/,"iTunes, apps"
Google Workspace Referral,SaaS,Global,https://workspace.google.com/partners/,Google services
Adobe Affiliate,Software,Global,https://adobe.com/affiliate,Creative software
Netflix Affiliate,Entertainment,Global,https://netflix.com/affiliate,Streaming service
Airbnb Affiliate,Travel,Global,https://www.airbnb.com/affiliates,Travel accommodations
TripAdvisor Affiliate,Travel,Global,https://www.tripadvisor.com/affiliate-program,Travel reviews
Expedia Affiliate,Travel,Global,https://www.expedia.com/affiliate-program,Travel booking
AliExpress Affiliate,E-commerce,Global,https://portals.aliexpress.com/,Global e-commerce
Overstock Affiliate,E-commerce,Global,https://affiliate.overstock.com/,Retail
Zalando Affiliate,Fashion,Europe,https://www.zalando-partnerprogram.com/,Fashion platform
eToro Partners,Trading,Global,https://partners.etoro.com/,Social trading
Binance Affiliate,Crypto,Global,https://www.binance.com/en/affiliate,Crypto exchange
Coinbase Affiliate,Crypto,Global,https://www.coinbase.com/affiliates,US-based exchange
Crypto.com Affiliate,Crypto,Global,https://crypto.com/en/affiliate.html,Crypto financial services
Bybit Affiliate,Crypto,Global,https://www.bybit.com/affiliate/,Crypto derivatives
Bitfinex Affiliate,Crypto,Global,https://www.bitfinex.com/affiliate,Crypto exchange
